#{"t_start": 1678637984.4034865, "env_id": null}
r,l,t
0.103506,18,0.043962
-123.559705,1500,1.16934
-124.621445,1500,2.251412
-123.4522,1500,3.339097
-122.487926,1500,4.432518
-119.157413,1500,8.889486
-116.050767,1500,9.983095
-115.989083,1500,11.076639
-115.404488,1500,12.171083
-107.307886,1500,16.627956
-104.604952,1500,17.715509
-105.01826,1500,18.805794
-102.237604,1500,19.893739
-95.523929,1500,24.332248
-96.240514,1500,25.418639
-95.156618,1500,26.496517
-92.577678,1500,27.56272
-84.462962,1500,31.997076
-14.512558,270,32.18916
-83.587714,1500,33.265502
-59.860502,1082,34.040596
-82.716894,1500,35.10118
-75.841436,1500,39.543655
-69.31535,1500,40.617133
-3.525291,79,40.673061
-73.932812,1485,41.737461
-65.215712,1500,42.787855
-60.071858,1345,47.09848
-55.919786,1500,48.155034
-34.899588,939,48.818646
-1.041403,17,48.830899
-52.653005,1500,49.893443
-10.83377,285,50.092603
-51.407567,1500,54.484267
-14.492025,538,54.860941
-16.750508,698,55.351519
-29.35856,994,56.04898
-35.847746,1500,57.103129
-1.177676,83,57.160964
-7.448595,248,57.339272
-2.703782,44,57.370941
-27.98664,1168,58.182767
-3.942772,179,58.305341
-11.117238,333,58.533628
-11.782022,549,62.276682
-6.286886,422,62.570557
-1.992637,154,62.677567
-15.298364,975,63.359734
-3.896171,132,63.455947
-16.372687,963,64.121177
-2.778217,72,64.17643
-1.462707,39,64.20371
-3.054088,73,64.254964
-5.310683,178,64.378421
-5.608136,376,64.643297
-8.503742,442,64.966534
-3.522707,186,65.099429
-2.643863,176,65.225459
-4.679799,209,65.377137
-4.176067,222,65.538386
-2.254493,135,65.638422
-13.059166,532,66.015949
-1.549237,25,66.033257
-1.332488,71,66.082672
-6.004535,304,66.303568
-2.648329,94,66.370476
-4.087647,196,70.000278
-0.401524,32,70.022855
-8.241197,617,70.463249
-0.853548,27,70.487075
-2.667691,150,70.593636
-0.163002,27,70.612828
-3.757651,230,70.776834
-0.225139,15,70.787436
-0.931124,40,70.816206
-0.973826,105,70.89099
-1.672249,27,70.9102
-1.314627,44,70.941466
0.688214,30,70.962527
-2.735738,149,71.068735
-1.398827,37,71.094677
-1.116974,28,71.114858
-1.592426,44,71.146225
-4.459591,338,71.391709
-5.504513,459,71.720407
-8.783021,474,72.082775
-3.49697,319,72.311855
-3.491949,167,72.431036
-1.473916,50,72.466666
-3.26008,359,72.728815
-0.782338,76,72.783077
-2.102271,79,72.839953
-2.896211,214,72.993042
0.442161,20,73.007304
-2.414327,211,73.159892
-3.085495,168,73.281774
-0.550851,48,73.316848
-3.540321,274,73.52088
-12.120654,659,73.987817
-1.5,17,74.000035
-2.52575,66,74.047472
-1.780206,58,74.089607
-2.960029,86,74.155783
-2.062173,124,74.243111
-1.564177,55,74.28246
-4.299132,336,78.007544
-2.160482,134,78.102025
-0.904707,42,78.131658
-0.450632,32,78.154484
-1.286792,94,78.222847
-1.225204,35,78.24818
-1.789826,799,78.826856
-3.143022,294,79.041933
-1.181651,37,79.068393
-3.25445,319,79.29675
-7.070423,326,79.53053
0.820348,14,79.540805
-0.672144,393,79.825929
-1,16,79.83745
-3.18526,215,79.991191
-1.3,46,80.023695
-2.158867,108,80.101772
-1.075652,65,80.14858
-3.222174,219,80.306106
-3.571119,173,80.430398
-4.826397,288,80.643078
-0.151564,64,80.688853
-1.51987,201,80.83258
-1.484525,102,80.904845
-1.38463,31,80.927139
-1.488794,17,80.939595
-1.639459,52,80.976817
-1.440057,46,81.009715
-1.5,41,81.039114
-1.010784,34,81.063645
-1.829103,192,81.20656
-2.022265,119,81.292352
-1.174016,28,81.312654
-3.286711,132,81.407787
-1.832463,83,81.467009
-4.713483,230,81.63164
0.53166,58,81.672141
-0.081509,79,81.727639
-0.276584,37,81.753539
-0.306491,22,81.76883
-1.570771,64,81.814705
-0.643723,227,81.978944
-0.627461,96,82.04663
-1.712648,288,82.250036
-1.912947,116,85.823372
-2.352289,150,85.930251
-1.853834,57,85.971052
-2.199965,92,86.036511
-0.046697,57,86.077122
-1,21,86.092072
-0.717349,50,86.133014
0.320147,61,86.176527
-1.174334,26,86.195283
-3.472916,313,86.418941
-1.021257,36,86.444654
-0.53347,27,86.464079
-1.668849,20,86.478326
-3.744669,270,86.669566
-6.526441,317,86.902159
-1.4,38,86.9291
-0.665422,139,87.02877
0.072976,95,87.097195
-1.399999,36,87.123276
-1.68781,76,87.178179
-1.223823,69,87.227902
-0.796001,59,87.268431
-0.776509,14,87.27848
-1.238616,46,87.311155
-1.538809,46,87.34424
0.734588,28,87.363948
-0.930679,160,87.478364
0.599748,72,87.530154
-0.471583,97,87.60444
-0.752587,96,87.67307
-1.707584,195,87.811928
-2.825049,229,87.97522
-4.533832,395,88.254898
-3.530308,190,88.395901
-1.5,40,88.424525
-1.11823,98,88.494411
-1.199989,26,88.513149
-0.977715,50,88.548696
-1.300113,55,88.58804
-1.29996,25,88.605999
-1.071423,25,88.623866
-1.119127,40,88.652131
-3.394163,176,88.77805
-0.962667,113,88.858143
-1.025002,56,88.898002
-1.143661,38,88.925079
-1.314492,248,89.106316
-2.393867,91,89.171311
-1.284896,83,89.231421
-1.591765,64,89.277618
-0.737777,34,89.302122
-1.016998,30,89.323786
-1.305882,61,89.367343
-1.767429,164,89.483942
-1.097259,24,89.501228
-0.52684,28,89.52131
-2.079177,124,89.609665
-1.138762,34,89.633893
-0.146021,41,89.663479
-0.291695,139,89.767428
-0.659724,82,89.825724
-0.823258,94,89.892297
0.111459,27,89.911738
-1.929137,93,89.978611
-1.072055,34,90.003095
-1.193968,36,90.028809
-1.115889,175,90.152754
-0.803761,67,90.201353
-0.099175,50,93.69806
-1.230333,170,93.820045
-1.855601,179,93.952242
-0.752965,47,93.985518
-0.132592,40,94.013783
-1.114034,24,94.030891
-1.27953,19,94.044509
-2.112002,126,94.133583
-2.957516,353,94.382696
-1.199354,43,94.413428
-1.261771,94,94.48036
-1.1,23,94.496367
-2.006585,108,94.573431
-1.818907,83,94.63679
0.850536,53,94.674471
0.330766,80,94.731086
-1.111112,114,94.811551
-0.139872,41,94.840809
-1.189771,60,94.883137
-1.679767,48,94.91749
-0.333547,116,94.999366
0.708303,49,95.034214
-1.490501,36,95.059325
-1.351208,30,95.08096
-1.533408,146,95.184672
-1.744586,159,95.297707
-0.377856,77,95.356876
-0.329211,89,95.420013
-0.672135,107,95.496061
-0.545047,322,95.725242
-1,54,95.763475
-1.211382,26,95.781901
-1.695366,97,95.851053
-1,44,95.882293
-1.370759,77,95.93678
-0.788691,37,95.963217
-1.338434,31,95.985271
-0.792979,24,96.002164
-1.2,26,96.02046
-1.469383,61,96.068441
-0.466435,45,96.100047
-1.290094,46,96.132381
-0.366485,43,96.1627
-0.313136,62,96.20693
-0.910895,333,96.445863
-0.723123,104,96.518615
-1.793418,72,96.570249
-1.398598,36,96.595985
-1.599019,32,96.61877
-1.109169,39,96.646556
-0.716507,137,96.749765
-1.3,36,96.775731
-0.894883,37,96.802416
-0.902005,65,96.849434
-1.144511,46,96.882358
-1.710346,123,96.970739
-1.127814,49,97.005996
0.708305,52,97.043363
-0.796539,146,97.147666
-0.584577,131,97.239091
-1.091355,25,97.256988
-1.987747,147,97.362493
-0.391684,33,97.386403
-1.1,22,97.402232
-0.951368,185,97.540535
-1.092768,35,97.565557
-1.194413,29,97.586234
-1.613841,293,97.795928
-0.815956,28,97.816124
-0.114435,41,97.845806
-0.066083,189,97.98124
-1.07027,164,101.546659
-0.836378,67,101.594794
-1.412836,79,101.65634
-0.322308,14,101.666399
-0.249308,150,101.773296
-0.28671,31,101.795374
-0.539571,23,101.811745
0.200797,160,101.925966
-1.185191,196,102.065528
1.12776,35,102.090435
-0.141707,212,102.240946
-0.9112,44,102.272707
-0.679469,66,102.32019
-0.297652,98,102.394956
-0.42922,29,102.415546
-1.099975,24,102.432606
-0.379835,56,102.472517
0.974637,164,102.589007
0.012737,146,102.693214
-1,18,102.706103
-1.1,40,102.734334
-1.352657,143,102.835816
0.531975,60,102.876378
-0.32266,50,102.912757
-1.588283,72,102.964513
-1.298057,14,102.974667
-1.123175,36,103.000578
-0.986052,25,103.018292
-1.582965,78,103.078926
-1.342149,97,103.148222
-1.57351,83,103.207172
-2.559069,121,103.293217
-1.76016,79,103.350139
-0.149644,140,103.450499
-1.499996,26,103.469122
0.665291,295,103.677412
-0.551012,25,103.694963
-0.065414,23,103.711357
-1.264381,104,103.785539
-0.114566,30,103.811966
-1.722965,83,103.870698
-1.211285,36,103.896402
-0.701436,57,103.936654
-0.577659,74,103.989076
-0.227239,40,104.017561
-0.552984,115,104.099233
-0.643771,41,104.128214
0.020267,50,104.163937
-0.124049,86,104.224933
-1.19964,31,104.246893
-1.34927,39,104.274772
-0.920562,103,104.347029
0.452755,88,104.410146
-1.069478,52,104.447577
-1.457839,77,104.507846
-0.043036,37,104.534747
-0.343651,68,104.583449
-1.1,29,104.604109
-1.49451,38,104.631298
-1.1,9,104.637781
-1.329742,31,104.659878
0.136491,53,104.697601
-0.998589,222,104.855645
-0.562513,76,104.909984
-0.264088,115,104.991746
-1.643859,31,105.013749
-1.3,21,105.028618
-1.835546,152,105.135486
-0.288797,41,105.164792
-1.098592,23,105.181255
-1.20322,31,105.203668
0.499602,84,105.268497
-1,15,105.279196
-1.007242,25,105.297091
-1.455088,85,105.357905
-1.625194,74,105.41111
-1.034786,73,105.463374
-1.438258,46,105.496374
-0.654695,191,105.633686
0.114717,64,105.67974
-1.399956,45,105.712029
-0.614115,100,105.783307
-1.028164,68,105.831105
0.484132,65,105.877626
0.761116,149,109.460865
-0.054307,43,109.491778
-0.888599,11,109.499903
-1.603136,69,109.549578
-0.974674,25,109.567478
-0.959654,44,109.599017
-0.419682,111,109.67849
0.267942,44,109.710187
-0.300925,69,109.75954
-0.957041,36,109.78548
-1.12145,99,109.856202
-0.012973,57,109.896913
-1,28,109.91696
-0.241512,39,109.944742
-1.273568,32,109.967538
-0.720504,48,109.999774
-0.658861,78,110.055432
0.58339,121,110.146941
-1.62585,154,110.257751
-0.001127,82,110.316381
-1.1,18,110.329293
-1.37134,53,110.366946
0.263981,68,110.415466
-1.585781,81,110.473099
-1.281037,79,110.529195
-0.686424,48,110.563079
-0.98108,67,110.610802
-1.312895,116,110.693017
-1.283735,70,110.742128
-1.286059,30,110.763653
-0.242711,52,110.800639
-1.0422,42,110.831267
-1.074115,102,110.909875
1.226056,52,110.947554
-1.07343,49,110.98269
-1.399955,32,111.005583
-0.804464,28,111.025472
-0.475147,50,111.060969
-1.195726,37,111.087051
-0.338512,138,111.185045
-0.299541,128,111.275816
-0.507872,48,111.31013
0.428962,91,111.374697
-0.164813,62,111.418838
-0.868115,59,111.459061
0.348468,118,111.542896
0.507084,69,111.597214
-0.396458,40,111.625619
-1.248809,106,111.700814
-0.802505,85,111.760906
-1,11,111.768723
-1.970548,188,111.902791
1.300077,103,111.976275
0.771186,103,112.049306
0.818784,130,112.142079
-0.226391,124,112.229731
-1.484034,57,112.270613
0.388328,74,112.327994
-1.10928,22,112.343765
-1,53,112.381357
-1.236775,121,112.467862
-1.401581,160,112.582026
-1.357904,55,112.620995
-1.248338,26,112.639613
-0.269304,75,112.693305
-1.287424,28,112.713382
-0.380591,33,112.736881
-1.27876,53,112.774706
-1.018158,68,112.823003
-1.015369,52,112.860209
-1,19,112.873111
-0.224725,29,112.89383
-0.537344,74,112.946573
-1.272725,34,112.970907
-0.226902,54,113.015048
0.184341,120,113.10133
-0.278233,171,113.224497
-0.172841,73,113.276767
-1.1,66,113.323868
-0.114,55,113.363088
-0.238221,61,113.406689
-0.166361,78,113.462364
0.161629,45,113.494585
-0.958128,83,113.554007
0.365578,86,113.615427
-1.158125,81,113.673305
-0.963586,36,113.69946
-1.115095,74,113.757957
-0.702253,36,113.784046
-0.216982,43,113.815004
0.204178,102,117.333377
-1.483828,61,117.377953
-0.914104,57,117.419787
-1.722041,192,117.558646
-0.348201,92,117.624058
0.062349,244,117.797062
-0.86037,18,117.810018
-0.786953,118,117.898998
-0.897349,56,117.938862
-0.526822,66,117.985428
-1,22,118.000999
-0.289047,183,118.131268
-0.475252,17,118.143649
-1.1,37,118.170157
0.295107,92,118.236055
-1.196982,25,118.253952
-0.753492,113,118.334924
-1.341178,28,118.354999
0.832218,389,118.636953
-0.810814,61,118.680626
-1.034389,57,118.721324
-0.483966,84,118.781853
-1,11,118.789768
-0.308671,45,118.821877
-1.136323,65,118.868456
-1.989739,43,118.899199
-0.918612,48,118.933564
-1.1,22,118.94921
-1.547821,175,119.074218
-1.848728,325,119.305965
-0.654501,40,119.339568
-0.040856,52,119.376672
-0.370969,117,119.460279
-1.087785,38,119.488031
-1.46772,55,119.527736
1.459133,88,119.591543
-0.153504,79,119.648822
0.604985,40,119.677397
0.415283,228,119.840515
-0.925024,29,119.86127
-1.1,16,119.872725
-1.509617,38,119.899911
-1.097871,26,119.918333
-0.883949,28,119.938483
-1.470784,40,119.967193
-1.048173,41,119.996573
-0.722962,97,120.071297
-0.849405,79,120.127864
-1.693055,46,120.160728
-0.634649,110,120.239677
-1.44914,48,120.273927
-0.910264,52,120.311355
-1.33988,60,120.354433
-0.86614,61,120.398286
-1.054523,50,120.433989
0.904745,94,120.500944
-1.2,40,120.529518
1.195035,193,120.666491
-0.543933,47,120.700077
-1.015849,182,120.834482
-1.082777,15,120.84516
-1.207772,111,120.924258
-0.421681,137,121.021997
-1.150361,58,121.063289
-0.532468,68,121.111919
0.463803,98,121.181896
0.23497,66,121.228896
0.426538,81,121.286473
-1.375866,54,121.325025
-2.072632,92,121.3904
-0.116876,43,121.42118
-0.001303,58,121.46255
-0.519779,31,121.484776
-0.381404,83,121.54959
-0.988635,56,121.589755
-1.175724,34,121.614148
-1.499735,43,121.645329
-0.703099,67,121.693583
-1.798212,269,125.350567
-1.790627,84,125.41064
-1.297044,49,125.446006
0.068008,217,125.60078
-0.742385,91,125.666208
-0.84098,51,125.707861
-0.364918,37,125.734249
1.071334,228,125.897748
-1.522235,57,125.938776
-0.651129,158,126.053174
-0.087093,59,126.096169
-0.088616,87,126.159308
-1.730307,95,126.22704
-0.765224,27,126.24637
0.014081,42,126.275823
-0.518891,225,126.442903
-1.262982,99,126.513567
-1.501669,62,126.558051
-0.437584,22,126.573969
-0.774854,125,126.663459
-0.876748,20,126.677806
-0.411725,61,126.721576
-0.605938,48,126.755897
-0.041476,545,127.151321
0.6962,251,127.330968
-1.399994,50,127.366904
0.08833,21,127.381995
-1.006119,47,127.416349
-1.595322,71,127.46738
-0.54621,89,127.531328
0.177354,130,127.624408
-0.312293,189,127.759227
1.205585,44,127.791008
-1.010999,184,127.927372
-0.708213,74,127.98042
-0.719025,58,128.022129
0.54866,72,128.073595
-1.43586,88,128.136801
0.510941,197,128.279464
-0.943948,80,128.337531
0.507796,58,128.379058
0.616141,92,128.444926
-1.001067,101,128.517225
-1.054331,18,128.530497
-0.620145,96,128.604247
2.011834,248,128.782826
0.366316,164,128.901297
-1.193297,38,128.928716
-0.321778,74,128.981647
-1.830875,159,129.095586
0.163504,102,129.167513
-0.189389,17,129.179092
-0.035998,66,129.226543
-1.33479,68,129.275652
-1.545501,43,129.311976
-1.484956,69,129.361661
-1.149115,55,129.401543
3.03839,1069,133.620284
-0.012553,72,133.672485
0.027795,78,133.728583
-0.551079,54,133.76771
-1.077877,47,133.801452
1.275059,58,133.843473
-1.674015,242,134.017976
-1.036917,153,134.125859
0.504039,56,134.165846
-0.714837,81,134.229204
-0.940315,106,134.305151
0.299277,491,134.658669
4.940393,718,135.180384
-0.826342,78,135.236118
-1.614954,136,135.333423
-0.162005,54,135.372082
1.350036,165,135.489916
-1.393015,38,135.517442
-0.657311,300,135.736341
0.54919,195,135.874297
-0.345729,354,136.126183
-1.126643,147,136.230123
-1.003108,45,136.261733
-1.113577,34,136.285891
3.969649,806,136.868361
-1.012984,41,136.897935
1.582468,270,137.097041
-0.939363,116,137.180113
-1.401982,175,137.305964
-2.06018,150,137.413905
0.9898,54,137.452643
-1.218584,100,140.980853
1.59605,155,141.094013
-2.125574,403,141.394581
-0.585735,49,141.430494
-0.471189,30,141.452423
-1.299554,31,141.474957
-0.035573,79,141.53187
6.13263,630,141.988373
-1.286917,96,142.057055
-0.576005,149,142.163422
-1.1,30,142.185166
-1.04139,105,142.260156
0.747323,495,142.61387
-0.933833,29,142.634591
-0.874904,81,142.693005
-0.874773,47,142.731914
-0.261814,104,142.806452
-0.144182,41,142.836145
-0.351573,72,142.888335
-1.062762,70,142.938869
-0.066167,51,142.975263
-0.418298,136,143.073063
-0.924756,84,143.132997
1.783761,412,143.433921
0.991631,165,143.553303
0.367864,323,143.785131
2.192651,572,144.200334
-0.933508,65,144.246899
-0.159154,173,144.370377
-0.532933,64,144.415891
-1.199799,32,144.438754
0.366324,313,144.661654
-1.123713,78,144.717787
-0.327574,39,144.745595
4.163323,504,145.109975
0.478401,377,145.378796
-0.668713,71,148.889002
0.477524,267,149.088938
-0.133714,212,149.242991
-0.204066,47,149.277609
-1.127655,55,149.317392
-1.590487,105,149.39372
3.967426,726,149.916533
0.201208,98,149.98698
-1.199997,67,150.034757
-1.139248,349,150.283354
-0.425925,141,150.384564
1.868196,180,150.518289
-0.365986,156,150.63023
-1.145901,84,150.690299
-0.27872,384,150.966207
1.766619,229,151.130123
-0.887803,53,151.168068
-1.285924,52,151.205375
-0.926377,25,151.228608
0.868106,56,151.268707
1.586279,305,151.487066
-0.74509,62,151.531461
0.544651,57,151.572119
-0.296799,206,151.719993
-0.256471,36,151.745457
3.498559,390,152.030539
-0.37243,120,152.117501
3.293213,847,152.593543
3.508812,683,152.92328
-0.531831,105,155.653607
3.714536,732,156.180992
3.565172,641,156.64693
-1.259187,82,156.705907
2.173681,415,157.003739
3.024245,282,157.221784
4.446634,1500,158.309776
10.26661,1153,159.156657
2.449646,677,159.665721
-0.009527,60,159.709808
0.22808,79,159.76774
-0.043588,493,160.141686
20.779345,1500,164.712053
5.6889,847,165.33761
4.38127,778,165.912174
1.533187,370,166.17828
7.730004,621,166.638256
-0.115043,93,166.705421
-1,20,166.720042
1.250321,183,166.85107
1.236344,247,167.030573
2.917494,312,167.259074
4.099413,677,167.769055
0.24211,98,167.8404
6.238941,720,171.846786
5.237897,867,172.48606
1.973277,435,172.800326
2.269499,335,173.056107
7.633556,648,173.522015
-0.706618,42,173.552229
7.487451,630,174.018013
2.474225,166,174.13688
3.538087,700,174.652931
0.720517,330,174.8889
0.805959,296,175.104054
-0.391964,40,175.133601
-1.055985,339,175.395173
6.582851,586,175.822453
0.097959,239,176.013907
0.888038,60,176.05794
-0.463833,82,176.117548
13.778269,1500,180.684886
18.10099,1500,181.777068
13.352093,848,182.403803
19.045333,1500,183.509833
16.859968,1389,188.027209
9.463394,831,188.638605
16.691548,1500,189.735789
5.004853,373,190.000134
7.424942,853,190.628017
9.360634,1500,191.742344
4.603513,290,191.95385
18.241683,1500,196.538892
21.134965,1500,197.502214
0.528099,269,197.695188
11.905347,1500,198.790061
13.667786,1500,199.901725
-0.694883,260,203.586784
12.565077,1223,204.481043
10.146835,641,204.938845
8.560627,681,205.442127
12.35858,1036,206.200028
14.889029,1500,207.302672
16.806406,1500,211.473807
15.121931,1169,212.322832
20.970499,1500,213.415643
-0.875959,83,213.475686
16.159425,1353,214.458229
18.692911,1500,219.058578
14.630918,1500,220.146214
19.808391,1500,221.23824
23.992128,1500,222.327788
18.110949,1500,223.435651
1.925228,206,227.073427
-0.134633,150,227.179692
16.009961,1500,228.268385
19.294115,1500,229.354494
6.639243,423,229.655609
4.389482,503,230.03051
24.491032,1500,231.121371
15.637107,1500,235.698418
7.224512,592,236.12123
10.417322,1013,236.86095
2.808297,213,237.027184
24.863996,1500,238.112337
23.05797,1500,239.219313
19.872614,1500,243.775813
19.448399,1500,244.86672
23.903845,1500,245.958009
4.552626,445,246.291831
21.456844,1500,247.395971
21.456406,1500,251.953757
20.543003,1500,253.044589
23.953559,1500,254.14315
21.145985,1500,255.246045
25.175029,1500,259.822367
-0.45954,21,259.837753
31.376227,1500,260.929983
20.901298,1500,262.024639
30.542473,1500,263.128411
24.283589,1500,267.691544
30.042249,1500,268.773212
26.127947,1500,269.86488
33.354525,1500,270.961641
28.582026,1500,275.521471
16.624815,831,276.121207
26.403897,1500,277.217346
18.641971,1500,278.300254
23.612564,1500,282.88436
26.278744,1500,283.981025
25.41659,1500,285.082831
23.636307,1500,286.173794
20.620594,1184,287.053794
26.524336,1500,291.623271
26.79616,1500,292.719207
25.666374,1500,293.810359
27.801795,1500,294.914678
30.054058,1500,299.214267
23.61685,1500,300.261207
26.003231,1500,301.344396
5.383236,507,301.723548
28.254572,1500,306.141009
26.258272,1500,306.888583
26.66356,1500,307.627657
28.832118,1500,308.556513
25.924187,1500,309.650089
35.2468,1500,314.331893
27.00955,1500,315.4482
22.418849,1500,316.569077
31.142403,1500,317.654037
4.002109,307,321.291189
28.897315,1500,322.378595
30.474049,1500,323.446893
25.520909,1488,324.532848
25.61831,1500,325.614634
32.536246,1500,330.12098
25.141826,1402,331.114316
26.087571,1500,332.183538
23.502319,1500,333.249261
39.991819,1500,337.798198
26.137437,1500,338.875222
24.056943,1500,339.954813
27.526323,1500,341.034086
22.897415,1500,345.57706
31.447263,1500,346.657024
41.35746,1500,347.739264
16.706492,992,348.456197
28.336149,1500,353.013051
27.607829,1500,354.104252
35.590731,1500,355.190034
30.34699,1500,356.285873
27.189203,1500,360.863867
32.201159,1500,361.957221
34.652798,1500,363.054425
29.787839,1500,364.158612
15.989295,943,364.865894
28.035723,1500,369.494486
33.207015,1500,370.586685
36.698228,1500,371.685035
32.002973,1500,372.799959
27.725331,1500,377.448308
35.369759,1500,378.543938
33.293166,1500,379.64407
31.192155,1500,380.760809
29.994304,1500,385.408386
29.568287,1500,386.509874
33.840976,1500,387.613153
31.428996,1500,388.733375
27.400678,1500,393.374033
27.437818,1500,394.47903
35.90214,1500,395.586879
27.407869,1500,396.70882
34.201801,1500,401.344913
27.427271,1500,402.448622
33.576118,1500,403.551857
36.945799,1500,404.673481
37.794956,1500,409.313979
37.724671,1500,410.42099
36.614315,1500,411.529404
30.660942,1500,412.653522
36.219063,1500,417.307125
36.111792,1500,418.409109
36.191933,1500,419.511836
40.336568,1500,420.630568
39.370079,1500,425.271851
37.46048,1500,426.37325
32.567573,1500,427.474942
41.438024,1500,428.589038
36.468161,1500,429.738811
35.624761,1500,434.359094
32.660277,1500,435.458137
38.945845,1500,436.566197
37.99545,1500,437.675531
31.583182,1500,442.305426
36.443059,1500,443.394968
35.79965,1500,444.486376
41.014109,1500,445.593572
34.722348,1500,450.252117
35.874431,1500,451.353347
35.486864,1500,452.460102
31.722935,1500,453.28686
33.63908,1500,456.222786
40.971162,1500,456.966391
31.463732,1500,457.933148
35.052266,1500,459.036036
37.114213,1500,463.662149
43.912404,1500,464.762289
39.660581,1500,465.871298
43.660021,1500,466.982772
35.179091,1500,471.616278
39.017305,1500,472.713375
38.006582,1500,473.820358
38.958533,1500,474.933746
43.875773,1500,479.579494
33.113196,1500,480.673413
40.399081,1500,481.780975
36.030397,1500,482.886247
41.602558,1500,487.531461
42.363413,1500,488.637663
34.659107,1500,489.742388
40.770914,1500,490.85252
11.48805,382,491.144185
37.571634,1500,495.775817
40.272314,1500,496.874609
37.870185,1500,497.97493
37.554213,1500,499.090681
40.379469,1500,503.736519
44.069041,1500,504.84402
33.015928,1500,505.946056
31.180757,1500,507.061455
43.570998,1500,511.712815
42.73889,1500,512.82195
40.252632,1500,513.922716
50.031376,1500,515.038049
36.989567,1500,519.688384
38.776954,1500,520.797919
39.327457,1500,521.896137
34.309156,1500,523.007975
38.223641,1500,527.653974
39.179899,1500,528.757856
38.283193,1500,529.647018
46.744367,1500,530.526108
40.61188,1500,531.605131
39.092657,1500,535.040104
46.119064,1500,536.159883
43.962296,1500,537.279846
44.185682,1500,538.385759
35.369237,1500,543.051203
28.677184,1500,544.169991
37.869929,1500,545.295732
30.714484,1500,546.399964
33.180137,1500,551.072423
39.772098,1500,552.190086
38.905238,1500,553.308842
34.081055,1500,554.414458
37.359416,1500,559.103912
35.130977,1500,560.221316
38.735009,1500,561.34211
43.747917,1500,562.450875
42.525763,1500,567.153332
39.98457,1500,568.258848
32.653255,1500,569.383413
38.343174,1500,570.497755
36.612101,1500,575.196705
30.976693,1500,576.296832
31.293332,1500,577.422814
37.931871,1500,578.540326
42.979406,1500,583.244953
36.805727,1500,584.344789
41.178549,1500,585.469407
43.41261,1500,586.587307
36.677461,1500,591.290463
34.363782,1500,592.38646
35.258824,1500,593.506517
31.733694,1500,594.625379
29.025078,1500,598.543471
39.241497,1500,599.538365
31.186539,1500,600.271683
43.542654,1500,601.211881
42.31191,1500,605.860322
25.611041,864,606.500199
10.148932,526,606.882888
37.311263,1500,607.972257
36.710215,1500,609.06858
39.699656,1500,610.179108
42.131246,1500,614.814574
43.582705,1500,615.903895
37.122629,1500,616.998194
29.69377,1500,618.114396
40.620409,1500,622.758627
40.539223,1500,623.847462
46.566009,1500,624.941466
42.212144,1500,626.050698
34.8003,1500,630.677055
41.508913,1500,631.771986
44.774663,1500,632.867716
41.181701,1500,633.995088
37.38484,1500,638.636384
36.134903,1500,639.740373
46.131176,1500,640.841634
41.604115,1500,641.964559
39.109463,1500,646.624582
42.33093,1500,647.73004
39.196495,1500,648.832041
41.12501,1500,649.959466
42.426247,1500,654.629515
39.458796,1500,655.735465
40.546692,1500,656.829152
39.05015,1500,657.946017
37.601531,1500,662.212911
39.784096,1500,663.305541
39.611936,1500,664.395077
39.555484,1500,665.502909
40.125201,1500,670.143973
41.101127,1500,671.240277
21.08621,1033,672.00089
40.348909,1500,673.094373
37.729651,1500,674.203324
42.587267,1500,678.832988
37.254511,1500,679.931204
44.356725,1500,681.028097
41.17156,1500,682.142359
37.716285,1500,686.790999
43.305467,1500,687.900998
41.366176,1500,689.001135
38.604195,1500,690.121263
42.910724,1500,694.758964
36.312302,1376,695.773202
42.872585,1500,696.869378
44.237417,1500,697.975789
36.58814,1500,702.60629
40.191676,1500,703.694976
42.161159,1500,704.79454
38.468069,1500,705.892853
38.568847,1500,710.502887
43.144861,1500,711.595517
38.236042,1500,712.687656
43.19319,1500,713.78295
45.269415,1500,718.404764
39.655051,1500,719.509727
42.839128,1500,720.617897
38.915202,1500,721.72425
41.294596,1500,726.35307
40.170465,1500,727.444949
43.917224,1500,728.538043
39.832968,1500,729.632387
40.884995,1500,734.259913
37.701238,1500,735.355519
32.095859,1500,736.453463
32.586314,1500,737.550453
40.905902,1500,738.664395
36.863145,1500,743.266695
43.740288,1500,744.36653
33.832291,1500,745.468908
37.508205,1500,746.574774
37.020262,1500,751.172732
42.19758,1500,752.271534
32.988775,1500,753.371934
42.823198,1500,754.476576
35.298103,1500,759.087739
37.19891,1500,760.184796
38.092662,1500,761.275883
37.86222,1500,762.370864
36.607811,1500,766.955573
35.828942,1500,768.04439
34.544712,1500,769.115228
-0.20823,11,769.123175
38.288402,1500,770.225704
39.644242,1500,774.806279
45.635684,1500,775.893977
48.635631,1500,776.975941
40.144057,1500,778.076709
43.945853,1500,782.65665
47.753661,1500,783.742744
44.096913,1500,784.818361
46.123849,1500,785.919519
37.850345,1500,790.506788
26.333133,1128,791.323981
40.311764,1500,792.406768
39.983222,1500,793.496979
37.765012,1500,798.083197
41.638777,1500,799.173123
44.173134,1500,800.263454
42.829586,1500,801.357451
43.720803,1500,802.460143
43.552042,1500,807.047723
41.72222,1500,808.136059
41.654457,1500,809.217355
44.564219,1500,810.32017
46.678874,1500,814.903073
43.998204,1500,815.998983
37.529045,1500,817.089821
39.19721,1500,818.190657
42.825025,1500,822.784343
43.78156,1500,823.868763
47.875465,1500,824.956053
44.031328,1500,826.06072
49.315616,1500,830.655432
44.117604,1500,831.756781
36.172944,1500,832.846245
43.937476,1500,833.9417
45.385306,1500,838.523303
36.942057,1500,839.594561
42.879155,1500,840.673579
42.859745,1500,841.761111
41.973155,1500,845.503204
38.59652,1500,846.576241
40.750935,1500,847.648132
21.858769,841,848.250674
29.227506,1500,849.319804
36.673929,1500,853.839842
42.182401,1500,854.92001
38.479784,1500,855.989164
39.022996,1500,857.077725
34.43838,1500,861.60696
40.265943,1500,862.673945
34.324464,1500,863.741844
44.410182,1500,864.820571
41.367817,1500,869.328655
36.907708,1500,870.397996
34.643625,1500,871.464049
38.501714,1500,872.543639
35.168431,1500,877.050091
42.340989,1500,878.118682
46.363238,1500,879.197258
36.087081,1500,880.283174
39.331367,1500,884.847207
42.355021,1500,885.910996
36.703134,1500,886.989764
33.798192,1500,888.074982
47.395191,1500,892.647225
37.931368,1500,893.715755
40.819873,1500,894.796368
45.602385,1500,895.883041
36.657568,1500,900.456599
36.060246,1500,901.519202
48.787844,1500,902.593652
44.580552,1500,903.681332
42.574014,1500,908.251399
39.721856,1500,909.320375
44.705301,1500,910.395241
42.955181,1500,911.477888
38.431789,1500,916.051291
42.306723,1500,917.119461
44.113773,1500,918.193286
44.165486,1500,919.27421
45.899556,1500,923.859688
50.467406,1500,924.922524
40.97739,1500,925.994791
43.686887,1500,927.08969
45.844075,1500,928.181714
42.938422,1500,932.74977
40.363582,1500,933.83352
39.365543,1500,934.921094
42.7835,1500,936.010895
45.410613,1500,940.578102
40.102936,1500,941.664427
39.693854,1500,942.753038
39.87384,1500,943.845402
46.001408,1500,948.410012
47.368583,1500,949.499298
41.437798,1500,950.600422
44.308205,1500,951.693429
6.546626,389,951.98876
41.500123,1500,956.598831
37.778347,1500,957.691072
41.86258,1500,958.774781
42.770309,1500,959.876909
47.294605,1500,964.501829
44.879382,1500,965.606302
46.421281,1500,966.688614
41.329574,1500,967.786706
43.655808,1500,972.395881
49.136756,1500,973.493408
40.46656,1500,974.583269
39.472162,1500,975.677958
39.53554,1500,980.281625
46.289487,1500,981.383353
51.475638,1500,982.483087
42.37333,1500,983.584469
39.939879,1500,988.195952
44.662769,1500,989.306087
43.754361,1500,990.408054
42.081778,1500,991.505599
44.743813,1500,995.830574
42.834616,1500,996.575039
47.287812,1500,997.371775
43.88078,1500,998.120798
42.994801,1500,1001.02639
44.094178,1500,1001.823131
42.87111,1500,1002.557201
42.361011,1500,1003.29408
43.917982,1500,1006.26217
44.805668,1500,1007.010785
45.393964,1500,1007.752743
45.446588,1500,1008.647473
41.939056,1500,1013.238694
43.505953,1500,1014.332509
38.250674,1500,1015.127994
40.927417,1500,1015.869555
48.483993,1500,1019.161782
42.714766,1500,1019.905972
43.590036,1500,1020.64333
41.976897,1500,1021.442237
42.937157,1500,1022.178093
43.758984,1500,1025.103171
41.570521,1500,1025.999217
45.522908,1500,1027.10184
41.037737,1500,1028.20451
47.129324,1500,1032.829561
45.761526,1500,1033.925356
44.810095,1500,1035.033878
43.964565,1500,1036.138972
43.93559,1500,1040.852486
43.435911,1500,1041.968257
42.119674,1500,1043.094022
37.52274,1500,1044.212549
39.301878,1500,1048.902685
37.439358,1500,1050.007488
36.226078,1500,1051.116019
43.046993,1500,1052.221113
47.71091,1500,1056.898305
46.336338,1500,1058.006766
42.91261,1500,1059.129665
43.970419,1500,1060.24407
42.337486,1500,1064.917473
48.396494,1500,1066.026535
42.185482,1500,1067.147053
48.099583,1500,1068.243551
0.043932,14,1068.253917
46.246793,1500,1072.929504
40.733241,1500,1074.032339
45.953692,1500,1075.143458
46.460967,1500,1076.244179
51.427986,1500,1080.949561
51.981232,1500,1082.04938
48.195269,1500,1083.172897
47.985123,1500,1084.278437
41.563562,1500,1088.889511
40.533109,1500,1089.97099
47.10994,1500,1091.061381
48.264419,1500,1092.14813
46.137966,1500,1096.762382
42.519956,1500,1097.85152
47.164243,1500,1098.956132
47.996686,1500,1100.053694
49.241759,1500,1104.662303
42.682215,1500,1105.748854
39.861886,1500,1106.840665
39.687088,1500,1107.922622
38.764377,1500,1109.000038
38.125789,1500,1113.592512
37.837835,1500,1114.683154
37.927256,1500,1115.765189
37.47287,1500,1116.844603
36.684261,1500,1121.436706
39.308477,1500,1122.519717
41.431456,1500,1123.601165
32.331313,1500,1124.676558
35.186819,1500,1129.262735
41.55048,1500,1130.34468
38.731226,1500,1131.424626
39.180362,1500,1132.503147
40.763403,1500,1137.083154
44.708966,1500,1138.173827
42.160691,1500,1139.251281
41.840136,1500,1140.320796
49.538651,1500,1144.910353
43.507691,1500,1145.996717
42.182263,1500,1147.076074
38.627203,1500,1148.145191
43.076054,1500,1152.728587
45.944814,1500,1153.816806
45.01827,1500,1154.89806
44.101517,1500,1155.973904
44.179792,1500,1160.548759
44.645993,1500,1161.638504
40.936938,1500,1162.717634
46.678446,1500,1163.788611
43.159558,1500,1168.351683
41.767296,1500,1169.438595
45.991319,1500,1170.516671
47.051929,1500,1171.596924
42.224366,1500,1176.155223
45.031173,1500,1177.243652
43.352161,1500,1178.328394
41.140935,1500,1179.402789
42.232379,1500,1183.967275
42.764965,1500,1185.050121
39.154651,1500,1186.127418
31.410196,1120,1186.929977
48.581306,1500,1187.995626
44.078288,1500,1192.566173
46.175854,1500,1193.652834
38.504031,1500,1194.735033
46.116875,1500,1195.801606
44.247022,1500,1200.394411
46.233004,1500,1201.479271
47.491251,1500,1202.561237
46.911602,1500,1203.637043
48.224793,1500,1208.218406
44.925766,1500,1209.299426
49.420687,1500,1210.384971
47.271912,1500,1211.460138
43.234924,1500,1216.035427
45.137724,1500,1217.123393
48.655075,1500,1218.203036
49.210738,1500,1219.280553
49.746119,1500,1223.597716
44.828212,1500,1224.331517
45.217023,1500,1225.111011
43.605052,1500,1225.833996
47.445787,1500,1228.6873
39.361496,1500,1229.474068
45.808241,1500,1230.199634
47.986117,1500,1230.929825
47.504873,1500,1235.292709
51.679843,1500,1236.382381
48.178631,1500,1237.470402
43.955487,1500,1238.571451
44.250491,1500,1243.158697
46.728573,1500,1244.242507
47.055147,1500,1245.322918
47.986904,1500,1246.40767
49.035498,1500,1247.497336
42.545794,1500,1252.095499
39.497821,1500,1253.18827
43.993517,1500,1254.277168
44.625914,1500,1255.356663
43.589412,1500,1259.939973
49.181481,1500,1261.029078
46.564292,1500,1262.128847
44.994589,1500,1263.213682
37.332752,1500,1267.792531
41.605405,1500,1268.875395
44.293599,1500,1269.9603
39.87278,1500,1271.045179
40.519073,1500,1275.040481
35.749475,1500,1276.01764
46.145767,1500,1276.910406
39.940725,1500,1277.821552
41.092584,1500,1282.415241
42.602422,1500,1283.488176
39.875123,1500,1284.571361
43.901511,1500,1285.649689
35.252924,1500,1290.249343
38.542532,1500,1291.318508
40.357968,1500,1292.398772
46.947898,1500,1293.479935
37.675387,1500,1298.073489
41.163085,1500,1299.150118
38.686472,1500,1300.227782
42.883016,1500,1301.309369
43.183249,1500,1305.913738
41.055572,1500,1306.989547
37.421704,1500,1308.069288
40.902472,1500,1309.148376
43.576617,1500,1313.736248
35.394352,1500,1314.815751
39.559677,1500,1315.901337
35.485675,1500,1316.984198
39.703312,1500,1321.587164
33.246213,1500,1322.663785
32.879027,1500,1323.749084
33.959097,1500,1324.833121
34.587992,1500,1325.916804
37.597506,1500,1330.503395
33.155483,1500,1331.589193
35.671892,1500,1332.667785
31.361074,1500,1333.750565
35.601808,1500,1337.723235
37.130395,1500,1338.732229
42.574012,1500,1339.509716
33.981695,1500,1340.293744
36.280141,1500,1344.376843
42.129693,1500,1345.455411
39.676059,1500,1346.537782
41.206699,1500,1347.624222
43.760406,1500,1350.91797
36.868509,1500,1351.654173
38.496688,1500,1352.380338
43.681524,1500,1353.172657
41.101068,1500,1357.766866
35.24385,1500,1358.871734
44.318142,1500,1359.973883
41.067233,1500,1361.063794
45.895723,1500,1365.702493
46.516114,1500,1366.809155
38.971525,1500,1367.903089
37.449273,1500,1368.992455
37.428966,1500,1373.640717
35.472146,1500,1374.747655
36.386435,1500,1375.842839
32.448687,1500,1376.935441
36.606044,1500,1381.58418
36.341919,1500,1382.687951
38.560503,1500,1383.64224
33.207764,1500,1384.374132
36.254203,1500,1387.255025
32.837111,1500,1388.049617
33.463913,1500,1388.78134
36.228113,1500,1389.516707
33.499045,1500,1392.45607
32.308942,1500,1393.186526
32.433248,1500,1393.912978
36.991124,1500,1394.706791
31.269961,1500,1398.790411
37.492185,1500,1399.876986
33.298647,1500,1400.869077
30.171369,1500,1401.607509
34.753937,1500,1402.338869
30.124045,1500,1405.305232
27.853596,1500,1406.404459
27.594935,1500,1407.50896
27.473105,1500,1408.606673
35.082824,1500,1413.263684
29.349746,1500,1414.379214
33.822069,1500,1415.474573
33.467731,1500,1416.570231
33.77439,1500,1421.237016
32.858175,1500,1422.348519
33.939991,1500,1423.442418
35.129972,1500,1424.538251
30.798813,1500,1429.211158
34.459076,1500,1430.325255
38.606944,1500,1431.421579
32.963399,1500,1432.514753
37.507724,1500,1437.190239
35.217363,1500,1438.301926
37.38634,1500,1439.39453
36.015218,1500,1440.488118
43.207925,1500,1445.151341
42.345796,1500,1446.261695
38.107126,1500,1447.359054
36.195229,1500,1448.45259
35.062664,1500,1453.113679
42.944371,1500,1454.222105
40.50001,1500,1455.325295
41.548614,1500,1456.422214
41.981809,1500,1461.078721
41.667013,1500,1462.185569
48.211494,1500,1463.290591
47.887078,1500,1464.386084
37.614745,1500,1469.044778
39.050197,1500,1470.147922
43.732356,1500,1471.25215
42.155433,1500,1472.348926
39.162822,1500,1476.994852
49.847176,1500,1478.102108
42.453961,1500,1479.213122
43.453981,1500,1480.30966
-0.905341,20,1480.324766
39.412117,1500,1481.430215
44.972999,1500,1486.071292
45.88377,1500,1487.177177
44.547709,1500,1488.270172
44.884856,1500,1489.3792
41.177519,1500,1494.033546
47.834421,1500,1495.14803
44.310086,1500,1496.249331
41.367086,1500,1497.354177
44.529936,1500,1501.999571
43.13152,1500,1503.114149
44.973972,1500,1504.209313
44.132536,1500,1505.315563
41.329324,1500,1509.960512
40.187563,1500,1511.078448
43.88924,1500,1512.179678
44.545597,1500,1513.286321
46.847692,1500,1517.925837
44.000068,1500,1519.043276
51.015865,1500,1520.148397
45.061421,1500,1521.255401
43.779606,1500,1525.891335
42.383209,1500,1527.009634
45.264342,1500,1528.106119
44.00993,1500,1529.205432
49.661396,1500,1533.834671
49.880768,1500,1534.944526
43.382892,1500,1536.047955
46.44714,1500,1537.155311
43.469209,1500,1541.780082
42.832747,1500,1542.897726
44.095421,1500,1544.00561
46.692085,1500,1545.108985
45.005609,1500,1549.737665
38.85596,1500,1550.854719
40.185782,1500,1551.959135
37.937424,1500,1553.067101
47.523938,1500,1557.695582
37.704326,1500,1558.809523
45.93482,1500,1559.919152
45.42459,1500,1561.026124
48.12992,1500,1565.653164
47.264965,1500,1566.765066
40.001765,1500,1567.876419
47.26761,1500,1568.978897
47.865249,1500,1570.074928
44.833554,1500,1574.705725
48.201369,1500,1575.816261
46.292523,1500,1576.919281
45.375924,1500,1578.011636
45.159709,1500,1582.65511
40.040604,1500,1583.764262
46.196385,1500,1584.867358
43.109948,1500,1585.965838
51.077334,1500,1590.61378
49.225108,1500,1591.723022
44.466819,1500,1592.828973
41.374346,1500,1593.928992
51.818685,1500,1598.572927
46.282958,1500,1599.687119
48.527096,1500,1600.79712
51.256501,1500,1601.889794
45.306374,1500,1606.544212
44.107664,1500,1607.653913
48.162598,1500,1608.763666
42.550532,1500,1609.857374
41.268088,1500,1614.511445
42.57762,1500,1615.621253
42.645396,1500,1616.733685
44.31435,1500,1617.828547
49.42231,1500,1622.477277
47.135968,1500,1623.586069
47.021809,1500,1624.701545
47.341082,1500,1625.797921
41.209225,1500,1630.44459
50.610609,1500,1631.554883
50.6545,1500,1632.670821
51.059402,1500,1633.766248
44.769726,1500,1638.412546
43.396734,1500,1639.524814
50.02802,1500,1640.642251
49.233811,1500,1641.736482
51.729052,1500,1646.391181
41.816898,1500,1647.510232
50.936859,1500,1648.633013
46.473676,1500,1649.737508
47.40414,1500,1650.843769
42.662273,1500,1655.516598
41.159205,1500,1656.642103
46.191818,1500,1657.73965
44.192135,1500,1658.82965
43.247814,1500,1663.489318
38.523487,1500,1664.605009
46.821922,1500,1665.70258
39.23971,1500,1666.807873
43.526046,1500,1671.485479
39.932744,1500,1672.614172
44.58182,1500,1673.710074
40.005476,1500,1674.802574
39.368858,1500,1679.479736
47.13405,1500,1680.602063
48.3662,1500,1681.708207
46.688841,1500,1682.814533
48.341366,1500,1687.505434
46.320643,1500,1688.631607
51.335289,1500,1689.744124
44.961284,1500,1690.852796
43.913896,1500,1695.526875
47.084606,1500,1696.645541
46.509673,1500,1697.759642
53.950788,1500,1698.874141
45.020607,1500,1703.557013
46.353275,1500,1704.686752
48.555025,1500,1705.802745
47.734257,1500,1706.916644
50.191058,1500,1711.59565
52.871554,1500,1712.724023
44.014768,1500,1713.845702
45.933499,1500,1714.948668
46.261743,1500,1719.600721
45.947476,1500,1720.723828
39.074251,1500,1721.838072
38.744624,1500,1722.94164
40.150839,1500,1727.592088
47.630237,1500,1728.713089
47.588663,1500,1729.825901
42.646015,1500,1730.931455
43.933351,1500,1735.572452
43.880252,1500,1736.695689
46.226952,1500,1737.808191
40.343943,1500,1738.911104
39.077169,1500,1740.008348
42.089126,1500,1744.687813
39.745175,1500,1745.80469
37.872672,1500,1746.909577
36.188556,1500,1748.005814
44.54009,1500,1752.691566
42.09241,1500,1753.809476
46.100291,1500,1754.913072
44.452041,1500,1756.006444
40.036821,1500,1760.689725
44.953165,1500,1761.799559
44.829341,1500,1762.902057
39.77639,1500,1763.994785
44.301743,1500,1768.614692
44.652834,1500,1769.720951
47.107341,1500,1770.810075
50.738478,1500,1771.901119
34.907875,1500,1776.529613
47.586785,1500,1777.636932
39.74635,1500,1778.729881
44.568556,1500,1779.81558
42.443025,1500,1784.448702
43.866656,1500,1785.555513
31.193972,1500,1786.647665
36.813601,1500,1787.736606
39.917786,1500,1792.353022
38.014623,1500,1793.46474
43.062145,1500,1794.55578
38.656614,1500,1795.641682
38.62791,1500,1800.26265
41.908048,1500,1801.373289
41.610994,1500,1802.47071
47.445325,1500,1803.556568
47.050178,1500,1808.194371
46.125095,1500,1809.305881
25.542304,974,1810.018976
41.393624,1500,1811.107266
46.07853,1500,1812.204131
46.002145,1500,1816.857364
51.653042,1500,1817.963082
45.078097,1500,1819.057319
46.757471,1500,1820.151325
48.604329,1500,1824.79459
38.298929,1500,1825.897356
41.454094,1500,1826.954112
35.623018,1500,1828.049688
42.367328,1500,1832.696791
47.660551,1500,1833.80489
45.525318,1500,1834.901129
42.531707,1500,1835.996317
49.571954,1500,1840.627345
43.912244,1500,1841.736442
45.45704,1500,1842.832477
49.87967,1500,1843.926359
46.975788,1500,1848.557168
47.663661,1500,1849.666831
45.116403,1500,1850.762687
48.95701,1500,1851.858884
51.651795,1500,1856.495599
46.048477,1500,1857.606246
45.372964,1500,1858.709619
43.49177,1500,1859.803609
42.58949,1500,1864.431015
38.64701,1500,1865.538329
42.445813,1500,1866.638894
45.45898,1500,1867.729618
46.89493,1500,1872.348289
48.693384,1500,1873.459353
48.969077,1500,1874.563421
45.525851,1500,1875.652363
42.098718,1500,1876.74492
47.893581,1500,1881.350334
42.484776,1500,1882.442214
45.161056,1500,1883.523297
48.546116,1500,1884.61175
47.160865,1500,1889.211635
46.100094,1500,1890.298359
38.414046,1500,1891.378339
50.756711,1500,1892.462585
44.90103,1500,1897.065964
43.416068,1500,1898.158731
44.256672,1500,1899.241366
41.872323,1500,1900.324694
40.367274,1500,1904.924575
43.87553,1500,1906.008168
39.771299,1500,1907.084443
47.599054,1500,1908.171463
43.968577,1500,1912.771978
48.063915,1500,1913.856561
45.110499,1500,1914.93781
48.261459,1500,1916.022653
45.720687,1500,1920.634921
44.280172,1500,1921.718037
37.902873,1500,1922.789818
38.996399,1500,1923.599156
48.446839,1500,1926.46668
41.955203,1500,1927.192214
42.565127,1500,1927.971447
40.453068,1500,1928.793601
41.048596,1500,1932.709079
41.002042,1500,1933.794668
42.808304,1500,1934.884733
41.621533,1500,1935.980974
36.108544,1500,1940.527833
44.859841,1500,1941.620625
40.560488,1500,1942.710338
36.814413,1500,1943.79215
42.468924,1500,1948.338257
42.922876,1500,1949.432515
42.169071,1500,1950.521115
40.239167,1500,1951.606972
37.649644,1500,1952.679929
42.422048,1500,1957.253251
44.080034,1500,1958.348626
44.626273,1500,1959.427713
39.140439,1500,1960.496508
41.040334,1500,1965.066519
40.957672,1500,1966.153633
44.680493,1500,1967.232162
39.577871,1500,1968.300036
38.020748,1500,1972.866503
41.77799,1500,1973.953128
42.351151,1500,1975.02461
41.793787,1500,1976.089987
44.725998,1500,1980.223902
49.165389,1500,1980.954005
39.359953,1500,1981.74291
47.692816,1500,1982.514548
45.375401,1500,1985.402063
41.549356,1500,1986.179051
37.911951,1500,1986.902482
45.709364,1500,1987.623668
42.450516,1500,1990.560065
39.981285,1500,1991.280271
43.046589,1500,1992.001597
43.350502,1500,1992.778599
41.29328,1500,1995.635776
36.171048,1500,1996.4347
39.476867,1500,1997.513954
40.230045,1500,1998.591712
45.282888,1500,2003.144628
45.697498,1500,2004.214832
43.725186,1500,2005.292138
40.876392,1500,2006.367469
41.020013,1500,2010.916412
39.851875,1500,2011.983719
37.642373,1500,2013.057167
41.753319,1500,2014.134638
41.8395,1500,2018.62808
41.55858,1500,2019.529116
39.210473,1500,2020.604599
44.263995,1500,2021.682723
46.708116,1500,2026.22359
38.040367,1500,2027.29107
41.764858,1500,2028.362321
39.596205,1500,2029.441024
30.827417,1500,2030.522551
42.547565,1500,2035.059173
42.272048,1500,2036.131462
41.247315,1500,2037.215532
41.808972,1500,2038.254211
41.722343,1500,2041.711089
41.479876,1500,2042.8121
40.2866,1500,2043.904858
38.127401,1500,2045.015022
42.664237,1500,2049.629298
48.214795,1500,2050.720456
44.404691,1500,2051.809599
47.541878,1500,2052.915838
45.775013,1500,2057.53318
41.755352,1500,2058.625785
43.09566,1500,2059.713496
43.075235,1500,2060.819941
40.899887,1500,2065.428813
31.952786,1500,2066.401286
41.833364,1500,2067.135753
40.579125,1500,2067.870937
41.057342,1500,2070.829203
38.986087,1500,2071.568468
39.045029,1500,2072.301755
39.890642,1500,2073.098586
41.24526,1500,2075.998644
35.302787,1500,2076.738686
38.386034,1500,2077.535248
41.352681,1500,2078.277051
39.624435,1500,2081.19743
36.364098,1500,2081.981471
43.651193,1500,2083.005099
41.871276,1500,2084.109085
40.552192,1500,2088.100902
43.146378,1500,2088.839425
47.383108,1500,2089.579259
39.620459,1500,2090.38064
46.080327,1500,2093.997172
42.062748,1500,2095.096004
40.778561,1500,2096.19261
42.488049,1500,2097.301341
44.583808,1500,2098.409443
41.169022,1500,2103.059779
43.327393,1500,2104.146986
42.317298,1500,2105.257081
38.021644,1500,2106.362247
38.989366,1500,2111.001889
44.451983,1500,2112.091945
45.235642,1500,2113.202073
43.098947,1500,2114.313196
41.226566,1500,2118.952358
45.491482,1500,2120.047008
43.036426,1500,2121.157137
42.164934,1500,2122.257797
37.846588,1500,2126.884219
38.588668,1500,2127.98686
43.082052,1500,2129.094674
44.40269,1500,2130.195863
41.335266,1500,2134.819342
43.683733,1500,2135.921553
39.381368,1500,2137.022816
42.333109,1500,2138.123043
38.394898,1500,2142.744575
37.546602,1500,2143.84226
41.710291,1500,2144.946092
42.891849,1500,2146.043225
37.002067,1500,2150.667084
37.460788,1500,2151.770631
38.013293,1500,2152.868777
36.778773,1500,2153.963284
36.177029,1500,2158.601746
35.116929,1500,2159.714397
41.755208,1500,2160.818548
38.763348,1500,2161.922235
41.977865,1500,2166.557134
37.473616,1500,2167.668187
36.774052,1500,2168.773473
36.123553,1500,2169.873557
40.700532,1500,2174.503325
42.244911,1500,2175.615279
43.053763,1500,2176.72627
38.041938,1500,2177.826446
42.453665,1500,2178.928993
38.863219,1500,2183.512039
44.715166,1500,2184.61049
49.367688,1500,2185.7096
40.734269,1500,2186.812632
36.423844,1500,2191.331795
43.488588,1500,2192.411634
49.626199,1500,2193.482159
43.735374,1500,2194.565851
48.397084,1500,2199.076379
42.235338,1500,2200.151516
41.478064,1500,2201.216563
43.405259,1500,2202.293743
40.565759,1500,2206.80126
46.770987,1500,2207.874323
41.05655,1500,2208.941729
43.0121,1500,2210.020442
47.084174,1500,2214.530103
43.161165,1500,2215.602769
45.02969,1500,2216.670373
43.618218,1500,2217.749985
43.79546,1500,2222.273139
43.039852,1500,2223.349934
38.437663,1500,2224.418344
45.756977,1500,2225.490671
41.531272,1500,2230.017555
45.049399,1500,2231.089033
43.890319,1500,2232.155754
39.556781,1500,2233.232206
39.61086,1500,2237.759172
37.908394,1500,2238.832993
44.330166,1500,2239.900124
37.976693,1500,2240.976851
40.014674,1500,2245.510303
40.963314,1500,2246.432631
39.292579,1500,2247.155225
39.191655,1500,2247.882829
36.047976,1500,2250.807044
42.845143,1500,2251.535195
44.103644,1500,2252.262202
41.606606,1500,2253.051266
37.432153,1500,2256.723244
42.698812,1500,2257.814553
42.261995,1500,2258.893839
44.140636,1500,2259.991115
46.190378,1500,2261.071866
42.030949,1500,2265.685562
40.343271,1500,2266.775142
44.166228,1500,2267.875257
43.699008,1500,2268.955355
41.225204,1500,2273.54903
44.761787,1500,2274.641683
48.54122,1500,2275.735565
39.919405,1500,2276.815142
46.290299,1500,2281.427638
45.472924,1500,2282.519658
45.009322,1500,2283.622807
44.094285,1500,2284.711241
45.76545,1500,2289.318907
40.94578,1500,2290.410207
33.821025,1500,2291.512263
36.463766,1500,2292.603677
37.799811,1500,2297.20633
47.305108,1500,2298.301911
41.00954,1500,2299.405643
41.550008,1500,2300.493792
43.008524,1500,2305.097481
39.598718,1500,2306.184327
36.031487,1500,2307.285026
39.363277,1500,2308.374161
41.6554,1500,2312.98097
47.100077,1500,2314.068203
47.156321,1500,2315.165389
44.477847,1500,2316.262012
43.905664,1500,2320.860428
45.69981,1500,2321.937605
41.766021,1500,2323.027317
43.752062,1500,2324.104315
42.373288,1500,2328.632004
34.849557,1500,2329.702641
38.017605,1500,2330.782545
34.869675,1500,2331.861015
35.856284,1500,2336.350423
42.274177,1500,2337.432843
38.963251,1500,2338.522921
41.215256,1500,2339.603606
38.914101,1500,2340.682422
41.560657,1500,2345.232555
39.397296,1500,2346.315611
41.14205,1500,2347.395008
40.099078,1500,2348.468534
35.388305,1500,2353.024691
41.73134,1500,2354.106257
39.547964,1500,2355.188208
41.317631,1500,2356.263214
41.922205,1500,2360.820455
43.580941,1500,2361.907588
43.606768,1500,2362.992282
41.902477,1500,2364.069229
37.058599,1500,2368.629497
40.013948,1500,2369.714422
36.819662,1500,2370.795758
37.816426,1500,2371.874195
40.084343,1500,2376.500983
44.231636,1500,2377.599465
41.508914,1500,2378.712367
44.819316,1500,2379.82456
44.551956,1500,2384.494534
38.214022,1500,2385.590991
39.63878,1500,2386.697288
43.893626,1500,2387.814685
41.800846,1500,2391.936496
45.977722,1500,2393.047544
45.325367,1500,2394.163147
45.239828,1500,2395.270295
47.494949,1500,2399.947196
38.558103,1500,2401.065703
40.55146,1500,2402.167116
38.701474,1500,2402.913903
44.58758,1500,2406.923211
46.63125,1500,2407.667845
44.994735,1500,2408.408784
42.776595,1500,2409.215498
43.522686,1500,2412.143268
38.697308,1500,2412.939112
35.491135,1500,2413.693309
43.912993,1500,2414.43597
40.919553,1500,2417.425616
46.286141,1500,2418.171929
38.439637,1500,2418.918324
37.436085,1500,2419.724919
38.949217,1500,2420.46985
34.746946,1500,2423.388695
40.883922,1500,2424.191499
38.906127,1500,2424.941206
39.631951,1500,2425.685555
42.056475,1500,2428.6875
42.050471,1500,2429.430748
44.526387,1500,2430.178673
41.573702,1500,2430.973591
42.425494,1500,2433.898328
36.953056,1500,2434.794196
38.122471,1500,2435.74001
42.503226,1500,2436.484747
44.106707,1500,2439.603328
39.588087,1500,2440.344928
44.650479,1500,2441.14132
39.343151,1500,2441.900638
41.412125,1500,2444.832779
41.291274,1500,2445.638863
45.559974,1500,2446.736092
44.677311,1500,2447.843518
37.272897,1500,2452.504056
44.517264,1500,2453.609099
39.065674,1500,2454.712781
45.177116,1500,2455.814604
41.908037,1500,2460.44313
46.364068,1500,2461.553451
41.758179,1500,2462.655812
46.168027,1500,2463.756719
44.772682,1500,2468.428904
45.325014,1500,2469.559464
45.826822,1500,2470.670539
45.539982,1500,2471.786563
43.751543,1500,2476.447564
44.012162,1500,2477.558105
45.929331,1500,2478.456844
42.344119,1500,2479.186081
43.459533,1500,2483.392864
39.276714,1500,2484.495737
44.537118,1500,2485.587369
42.332515,1500,2486.673813
43.274954,1500,2487.757519
45.101268,1500,2492.27845
42.395173,1500,2493.352692
42.470362,1500,2494.421069
46.663775,1500,2495.503891
48.884759,1500,2498.339351
45.014922,1500,2499.406486
43.11167,1500,2500.517241
44.654953,1500,2501.619552
48.764832,1500,2505.595008
45.945815,1500,2506.315974
45.824497,1500,2507.031947
47.264184,1500,2507.751647
44.140629,1500,2510.774059
40.140173,1500,2511.363898
44.501363,1500,2511.9539
41.068993,1500,2512.544425
24.068534,763,2512.84498
49.731839,1500,2513.450781
30.721272,1051,2513.863584
46.918264,1500,2514.452337
43.099389,1500,2515.042758
22.557487,769,2515.344646
